{"0": 0.019262516871094704, "1": 0.020648393779993057, "2": 0.03301001340150833, "3": 0.022334037348628044, "4": 0.018203075975179672, "5": 0.017064187675714493, "6": 0.02002250775694847, "7": 0.014291864819824696, "8": 0.02302306704223156, "9": 0.01545817218720913, "10": 0.029135337099432945, "11": 0.023400017991662025, "12": 0.019582755863666534, "13": 0.018693557009100914, "14": 0.018713098019361496, "15": 0.024085596203804016, "16": 0.02825675532221794, "17": 0.02055410109460354, "18": 0.025074725970625877, "19": 0.023308513686060905, "20": 0.018864352256059647, "21": 0.016366956755518913, "22": 0.017585240304470062, "23": 0.015519457869231701, "24": 0.022898085415363312, "25": 0.01690419390797615, "26": 0.013983666896820068, "27": 0.012474934570491314, "28": 0.02238599583506584, "29": 0.010170873254537582, "30": 0.02191806584596634, "31": 0.015192179009318352, "32": 0.019991766661405563, "33": 0.019236652180552483, "34": 0.013950293883681297, "35": 0.014954464510083199, "36": 0.013390530832111835, "37": 0.01569608971476555, "38": 0.015250975266098976, "39": 0.018413931131362915, "40": 0.012899354100227356, "41": 0.015833938494324684, "42": 0.01900944858789444, "43": 0.016786379739642143, "44": 0.02177945151925087, "45": 0.016183609142899513, "46": 0.0163376796990633, "47": 0.01253131777048111, "48": 0.01693299040198326, "49": 0.02034888043999672, "50": 0.011127975769340992, "51": 0.015459169633686543, "52": 0.011880640871822834, "53": 0.010675261728465557, "54": 0.014579120092093945, "55": 0.01653500273823738, "56": 0.024239782243967056, "57": 0.022603515535593033, "58": 0.02211315929889679, "59": 0.017627054825425148, "60": 0.021246854215860367, "61": 0.02683318220078945, "62": 0.018961146473884583, "63": 0.014615491032600403, "64": 0.009905621409416199, "65": 0.016463326290249825, "66": 0.017447534948587418, "67": 0.02444852516055107, "68": 0.019377579912543297, "69": 0.01729692332446575, "70": 0.017633631825447083, "71": 0.008680297993123531, "72": 0.014091910794377327, "73": 0.01413615234196186, "74": 0.02653512917459011, "75": 0.011658321134746075, "76": 0.014996476471424103, "77": 0.013585677370429039, "78": 0.01339181512594223, "79": 0.011685618199408054, "80": 0.016311587765812874, "81": 0.007782467640936375, "82": 0.01282103918492794, "83": 0.01032070629298687, "84": 0.014071268029510975, "85": 0.01416237372905016, "86": 0.010754315182566643, "87": 0.012266440317034721, "88": 0.01217739935964346, "89": 0.02466806024312973, "90": 0.011796640232205391, "91": 0.016472557559609413, "92": 0.012666866183280945, "93": 0.016263993456959724, "94": 0.018138937652111053, "95": 0.02784152515232563}