{"0": 0.03733714297413826, "1": 0.0349617600440979, "2": 0.024913240224123, "3": 0.027891024947166443, "4": 0.025158807635307312, "5": 0.03151009976863861, "6": 0.04069489985704422, "7": 0.0423743836581707, "8": 0.03805064409971237, "9": 0.022649912163615227, "10": 0.04787122458219528, "11": 0.019125711172819138, "12": 0.018996214494109154, "13": 0.04391225054860115, "14": 0.01811017468571663, "15": 0.03155909851193428, "16": 0.03792838379740715, "17": 0.03200653940439224, "18": 0.03092726692557335, "19": 0.025358492508530617, "20": 0.03213890641927719, "21": 0.026475463062524796, "22": 0.01735178753733635, "23": 0.025115083903074265, "24": 0.02697126567363739, "25": 0.03189568221569061, "26": 0.03869246318936348, "27": 0.02974914200603962, "28": 0.022828731685876846, "29": 0.026982087641954422, "30": 0.03699849918484688, "31": 0.02379472553730011, "32": 0.0350426584482193, "33": 0.047428954392671585, "34": 0.020216554403305054, "35": 0.03201150894165039, "36": 0.022955216467380524, "37": 0.013743877410888672, "38": 0.017126843333244324, "39": 0.017902890220284462, "40": 0.02559741958975792, "41": 0.04504777863621712, "42": 0.023555083200335503, "43": 0.03865107521414757, "44": 0.028607461601495743, "45": 0.03762716054916382, "46": 0.020376620814204216, "47": 0.03315999358892441, "48": 0.045230161398649216, "49": 0.04058639705181122, "50": 0.027219310402870178, "51": 0.026030413806438446, "52": 0.03803423419594765, "53": 0.013156385160982609, "54": 0.025608137249946594, "55": 0.028488194569945335, "56": 0.02063632383942604, "57": 0.01964348927140236, "58": 0.02043408900499344, "59": 0.03254365175962448, "60": 0.02360745705664158, "61": 0.036894138902425766, "62": 0.028290260583162308, "63": 0.02297798916697502, "64": 0.025648504495620728, "65": 0.01916036568582058, "66": 0.023773398250341415, "67": 0.025320226326584816, "68": 0.04725915938615799, "69": 0.026583082973957062, "70": 0.03466777503490448, "71": 0.020669884979724884, "72": 0.03441719710826874, "73": 0.02490708790719509, "74": 0.043618861585855484, "75": 0.02398441731929779, "76": 0.027591945603489876, "77": 0.04033681005239487, "78": 0.0298520028591156, "79": 0.02741425298154354, "80": 0.02865048125386238, "81": 0.019426751881837845, "82": 0.01863594725728035, "83": 0.022163473069667816, "84": 0.025600723922252655, "85": 0.02454005926847458, "86": 0.041426900774240494, "87": 0.03461413457989693, "88": 0.019255656749010086, "89": 0.030746975913643837, "90": 0.029513616114854813, "91": 0.016014665365219116, "92": 0.034014783799648285, "93": 0.034142397344112396, "94": 0.044590648263692856, "95": 0.022685933858156204}